{
  "listing_id": "09f610f2096e",
  "bounding_box": {
    "left": 0.0,
    "upper": 0.0,
    "right": 639.141845703125,
    "lower": 480.0,
    "image_width": 640.0,
    "image_height": 480.0,
    "score": 0.6307840347290039
  },
  "items": []
}