{
  "listing_id": "737c6d52bf6a",
  "bounding_box": {
    "left": 0.0185546875,
    "upper": 0.0,
    "right": 639.951904296875,
    "lower": 478.9941101074219,
    "image_width": 640.0,
    "image_height": 480.0,
    "score": 0.6545439958572388
  },
  "items": []
}