{
  "listing_id": "b237ac76a6a0",
  "bounding_box": {
    "left": 0.109344482421875,
    "upper": 0.0,
    "right": 639.541748046875,
    "lower": 480.0,
    "image_width": 640.0,
    "image_height": 480.0,
    "score": 0.624796986579895
  },
  "items": []
}