{
  "listing_id": "9ac1b85fea70",
  "bounding_box": {
    "left": 1.99896240234375,
    "upper": 0.0,
    "right": 640.0,
    "lower": 480.0,
    "image_width": 640.0,
    "image_height": 480.0,
    "score": 0.6472805142402649
  },
  "items": []
}