{
  "listing_id": "03a5d55f3e02",
  "bounding_box": {
    "left": 0.08392333984375,
    "upper": 4.5507965087890625,
    "right": 639.5888061523438,
    "lower": 479.8340148925781,
    "image_width": 640.0,
    "image_height": 480.0,
    "score": 0.627337634563446
  },
  "items": []
}