{
  "listing_id": "112179477f2d",
  "bounding_box": {
    "left": 0.0,
    "upper": 4.648468017578125,
    "right": 633.2003784179688,
    "lower": 479.81268310546875,
    "image_width": 640.0,
    "image_height": 480.0,
    "score": 0.6594929099082947
  },
  "items": []
}