{
  "listing_id": "2d818ecf9d95",
  "bounding_box": {
    "left": 0.305328369140625,
    "upper": 0.02039337158203125,
    "right": 639.7723999023438,
    "lower": 164.1229705810547,
    "image_width": 640.0,
    "image_height": 480.0,
    "score": 0.6070975661277771
  },
  "items": []
}