{
  "listing_id": "193d9adc8743",
  "bounding_box": {
    "left": 0.0,
    "upper": 0.0,
    "right": 639.95849609375,
    "lower": 480.0,
    "image_width": 640.0,
    "image_height": 480.0,
    "score": 0.6234425902366638
  },
  "items": []
}