{
  "listing_id": "68cb978c9d6b",
  "bounding_box": {
    "left": 0.0,
    "upper": 0.0,
    "right": 639.3994750976562,
    "lower": 480.0,
    "image_width": 640.0,
    "image_height": 480.0,
    "score": 0.6282517313957214
  },
  "items": []
}