{
  "listing_id": "dd6d67a2662e",
  "bounding_box": {
    "left": 0.0,
    "upper": 0.0,
    "right": 639.2228393554688,
    "lower": 480.0,
    "image_width": 640.0,
    "image_height": 480.0,
    "score": 0.6115695238113403
  },
  "items": []
}