{
  "listing_id": "a92d16372304",
  "bounding_box": {
    "left": 0.71771240234375,
    "upper": 0.0,
    "right": 640.0,
    "lower": 480.0,
    "image_width": 640.0,
    "image_height": 480.0,
    "score": 0.6285019516944885
  },
  "items": []
}