{
  "listing_id": "0619998f99f4",
  "bounding_box": {
    "left": 0.525360107421875,
    "upper": 10.88946533203125,
    "right": 639.448486328125,
    "lower": 480.0,
    "image_width": 640.0,
    "image_height": 480.0,
    "score": 0.6041828989982605
  },
  "items": []
}