{
  "listing_id": "40f500221f30",
  "bounding_box": {
    "left": 0.092010498046875,
    "upper": 0.60772705078125,
    "right": 640.0,
    "lower": 477.1692810058594,
    "image_width": 640.0,
    "image_height": 480.0,
    "score": 0.6110154986381531
  },
  "items": []
}