{
  "listing_id": "fff7994630a9",
  "bounding_box": {
    "left": 3.0657196044921875,
    "upper": 0.0,
    "right": 638.37744140625,
    "lower": 168.0363311767578,
    "image_width": 640.0,
    "image_height": 480.0,
    "score": 0.5827124118804932
  },
  "items": []
}