{
  "listing_id": "d49733a5bc51",
  "bounding_box": {
    "left": 0.0,
    "upper": 0.0,
    "right": 639.384521484375,
    "lower": 475.7261047363281,
    "image_width": 640.0,
    "image_height": 480.0,
    "score": 0.6333757638931274
  },
  "items": []
}