{
  "listing_id": "d3a81e0850b0",
  "bounding_box": {
    "left": 0.113128662109375,
    "upper": 0.0,
    "right": 639.9329223632812,
    "lower": 479.76397705078125,
    "image_width": 640.0,
    "image_height": 480.0,
    "score": 0.6352643966674805
  },
  "items": []
}