{
  "listing_id": "d461c27cf88e",
  "bounding_box": {
    "left": 0.178802490234375,
    "upper": 0.0,
    "right": 639.1898193359375,
    "lower": 480.0,
    "image_width": 640.0,
    "image_height": 480.0,
    "score": 0.6358199119567871
  },
  "items": []
}