{
  "listing_id": "7292eda4e36d",
  "bounding_box": {
    "left": 0.0,
    "upper": 13.67919921875,
    "right": 637.300048828125,
    "lower": 480.0,
    "image_width": 640.0,
    "image_height": 480.0,
    "score": 0.6495724320411682
  },
  "items": []
}